index,extracted_entity_value
0,
1,42.0 centimetre
2,42.0 centimetre
3,42.0 centimetre
4,10.5 centimetre
5,10.5 centimetre
6,10.5 centimetre
7,
8,40.0 centimetre
9,40.0 centimetre
10,
11,6.0 centimetre
12,43.0 in
13,43.0 in
14,43.0 in
15,
16,
17,
18,
19,240.0 volt
20,
21,
22,
23,32.0 centimetre
24,32.0 centimetre
25,3.8 in
26,3.8 in
27,
28,
29,
30,
31,
32,5.8 in
33,5.8 in
34,5.8 in
35,
36,
37,
38,
39,5.4 in
40,5.4 in
41,
42,48.0 in
43,48.0 in
44,
45,8.0 in
46,8.0 in
47,8.0 in
48,90.0 centimetre
49,90.0 centimetre
50,90.0 centimetre
51,
52,
53,125.0 centimetre
54,125.0 centimetre
55,127.0 centimetre
56,
57,120.0 centimetre
58,120.0 centimetre
59,
60,
61,
62,280.0 millimetre
63,280.0 millimetre
64,280.0 millimetre
65,
66,
67,
68,4.2 in
69,4.2 in
70,4.2 in
71,9.1 in
72,9.1 in
73,9.1 in
74,
75,
76,4.7 in
77,4.7 in
78,
79,
80,
81,243.0 pound
82,5.05 kilogram
83,
84,39.0 in
85,39.0 in
86,39.0 in
87,
88,
89,
90,60.0 centimetre
91,200.0 pound
92,4.0 millimetre
93,
94,
95,14.0 centimetre
96,14.0 centimetre
97,6.0 volt
98,80.0 centimetre
99,14.9 in
100,37.0 centimetre
101,
102,
103,90.0 centimetre
104,40.0 centimetre
105,16.0 centimetre
106,16.0 centimetre
107,110.0 centimetre
108,
109,30.0 centimetre
110,80.0 centimetre
111,
112,650.0 watt
113,
114,
115,
116,
117,
118,10.0 centimetre
119,10.0 centimetre
120,
121,7.0 centimetre
122,250.0 gram
123,660.0 pound
124,
125,
126,12.0 volt
127,129.0 centimetre
128,180.0 centimetre
129,
130,40.0 centimetre
131,25.6 in
132,25.6 in
133,25.6 in
134,
135,2.9 centimetre
136,2.9 centimetre
137,18.5 centimetre
138,29.95 centimetre
139,100.0 millimetre
140,100.0 millimetre
141,3.0 centimetre
142,
143,
144,90.0 centimetre
145,90.0 centimetre
146,90.0 centimetre
147,
148,50.0 centimetre
149,50.0 centimetre
150,
151,74.93 centimetre
152,7.86 in
153,7.86 in
154,
155,
156,50.0 millimetre
157,
158,
159,
160,13.0 centimetre
161,
162,82.0 centimetre
163,
164,
165,
166,
167,6.0 kilogram
168,
169,
170,
171,
172,
173,7.8 in
174,7.8 in
175,14.0 centimetre
176,
177,0.79 inch
178,
179,5.9 in
180,5.9 in
181,
182,60.0 centimetre
183,
184,
185,
186,7.19 centimetre
187,7.19 centimetre
188,2.7 in
189,2.7 in
190,
191,40.0 centimetre
192,40.0 centimetre
193,
194,20.0 centimetre
195,27.4 centimetre
196,27.4 centimetre
197,
198,
199,
200,37.5 centimetre
201,37.5 centimetre
202,37.5 centimetre
203,10.0 in
204,10.0 in
205,
206,
207,9.0 centimetre
208,
209,
210,213.5 millimetre
211,
212,128.0 centimetre
213,
214,60.0 centimetre
215,60.0 centimetre
216,
217,
218,
219,
220,20.6 centimetre
221,20.6 centimetre
222,43.18 centimetre
223,
224,3.0 foot
225,3.0 foot
226,26.0 centimetre
227,
228,16.8 kilogram
229,
230,
231,60.0 centimetre
232,
233,70.0 centimetre
234,70.0 centimetre
235,
236,72.0 centimetre
237,183.0 centimetre
238,183.0 centimetre
239,60.0 centimetre
240,60.0 centimetre
241,60.0 centimetre
242,7.0 centimetre
243,7.0 centimetre
244,7.44 in
245,15.1 centimetre
246,15.1 centimetre
247,78.0 centimetre
248,60.0 centimetre
249,2.32 in
250,2.32 in
251,
252,
253,
254,70.0 centimetre
255,16.0 centimetre
256,16.0 centimetre
257,16.0 centimetre
258,76.0 centimetre
259,76.0 centimetre
260,135.0 pound
261,
262,80.0 centimetre
263,
264,
265,2.55 in
266,2.55 in
267,6.0 in
268,20.0 centimetre
269,20.0 centimetre
270,2.75 in
271,2.75 in
272,2.75 in
273,
274,1.5 in
275,1.5 in
276,
277,
278,
279,1.9 in
280,1.9 in
281,
282,5.8 in
283,5.8 in
284,
285,11.0 centimetre
286,68.0 centimetre
287,
288,
289,
290,
291,39.0 centimetre
292,39.0 centimetre
293,965.0 gram
294,4.4 in
295,4.4 in
296,
297,
298,
299,
300,
301,
302,
303,
304,9.5 centimetre
305,300.0 millimetre
306,
307,4.0 metre
308,45.0 pound
309,0.9 in
310,0.9 in
311,80.0 centimetre
312,
313,
314,21.0 centimetre
315,21.0 centimetre
316,21.0 centimetre
317,15.2 centimetre
318,15.2 centimetre
319,1700.0 gram
320,2.95 in
321,2.95 in
322,5.0 in
323,
324,
325,15.5 centimetre
326,15.5 centimetre
327,
328,
329,
330,
331,
332,40.0 centimetre
333,40.0 centimetre
334,
335,120.0 watt
336,
337,0.7 in
338,0.7 in
339,
340,
341,
342,25.0 centimetre
343,25.0 centimetre
344,25.0 centimetre
345,60.0 centimetre
346,8.5 centimetre
347,8.5 centimetre
348,8.5 centimetre
349,
350,8.0 inch
351,8.0 inch
352,
353,
354,
355,2.95 inch
356,2.95 inch
357,5.0 in
358,5.0 in
359,2267.0 gram
360,0.59 in
361,0.59 in
362,
363,
364,
365,35.0 centimetre
366,35.0 centimetre
367,35.0 centimetre
368,
369,60.0 centimetre
370,64.0 centimetre
371,64.0 centimetre
372,
373,1.5 in
374,1.5 in
375,57.0 centimetre
376,
377,
378,12.0 volt
379,4.7 in
380,4.7 in
381,4.7 in
382,60.0 centimetre
383,18.0 gram
384,
385,
386,14.0 centimetre
387,14.0 centimetre
388,
389,
390,
391,100.0 centimetre
392,100.0 centimetre
393,11.5 centimetre
394,11.5 centimetre
395,11.5 centimetre
396,
397,
398,
399,
400,
401,
402,226.8 gram
403,120.0 centimetre
404,7.9 centimetre
405,7.9 centimetre
406,
407,
408,
409,5.0 centimetre
410,5.0 centimetre
411,5.0 centimetre
412,146.0 centimetre
413,290.5 millimetre
414,
415,
416,
417,
418,2.2 in
419,2.2 in
420,
421,
422,
423,27.0 in
424,27.0 in
425,27.0 in
426,5.0 gram
427,11.0 centimetre
428,1.3 in
429,1.3 in
430,300.0 centimetre
431,63.0 centimetre
432,3.9 inch
433,3.9 inch
434,3.9 in
435,3.9 in
436,
437,3.93 inch
438,3.93 inch
439,144.0 millimetre
440,144.0 millimetre
441,
442,220.0 volt
443,
444,
445,
446,
447,20.0 gram
448,20.0 gram
449,42.0 centimetre
450,25.0 centimetre
451,
452,88.0 centimetre
453,120.0 centimetre
454,3.0 centimetre
455,3.14 in
456,3.14 in
457,6.29 in
458,6.29 in
459,60.0 centimetre
460,60.0 centimetre
461,
462,
463,
464,
465,
466,
467,
468,
469,9.0 in
470,9.0 in
471,
472,
473,
474,60.0 centimetre
475,
476,
477,
478,4.3 in
479,
480,
481,
482,60.0 centimetre
483,57.0 centimetre
484,
485,
486,
487,5.9 in
488,5.9 in
489,5.9 in
490,36.0 centimetre
491,36.0 centimetre
492,12.0 millimetre
493,12.0 millimetre
494,12.0 millimetre
495,
496,6.37 in
497,6.37 in
498,4.0 centimetre
499,4.0 centimetre
500,4.8 centimetre
501,5.0 volt
502,12.0 in
503,12.0 in
504,
505,
506,9.0 centimetre
507,9.0 centimetre
508,7.0 in
509,7.0 in
510,60.0 centimetre
511,60.0 centimetre
512,23.0 pound
513,15.7 centimetre
514,
515,
516,30.0 centimetre
517,30.0 centimetre
518,20.0 millimetre
519,
520,39.3 in
521,39.3 in
522,146.0 centimetre
523,67.0 centimetre
524,3.5 in
525,3.5 in
526,3.5 in
527,7.07 in
528,5.1 in
529,5.1 in
530,5.5 in
531,5.5 in
532,150.0 gram
533,
534,
535,500.0 gram
536,
537,
538,
539,594.0 millimetre
540,
541,29.7 centimetre
542,3.5 in
543,3.5 in
544,
545,60.96 centimetre
546,60.96 centimetre
547,60.96 centimetre
548,12.0 volt
549,60.0 centimetre
550,60.0 centimetre
551,9.8 in
552,9.8 in
553,400.0 gram
554,3.4 in
555,3.4 in
556,
557,
558,2.3 in
559,25.0 kilogram
560,
561,
562,15.72 in
563,15.72 in
564,
565,
566,3.0 kilogram
567,
568,
569,10.0 centimetre
570,10.0 centimetre
571,
572,
573,
574,8.0 fluid ounce
575,
576,3.0 kilogram
577,7.8 in
578,7.8 in
579,60.0 centimetre
580,60.0 centimetre
581,
582,
583,
584,0.0 watt
585,
586,100.0 gram
587,
588,
589,
590,
591,
592,60.0 centimetre
593,170.0 centimetre
594,170.0 centimetre
595,5.9 in
596,5.9 in
597,
598,
599,
600,
601,
602,
603,30.0 centimetre
604,
605,
606,
607,
608,12.0 volt
609,36.0 centimetre
610,36.0 centimetre
611,54.99 centimetre
612,
613,
614,
615,
616,
617,
618,11.0 in
619,11.0 in
620,
621,25.0 watt
622,7.8 in
623,7.8 in
624,8.4 in
625,8.4 in
626,
627,80.0 centimetre
628,80.0 centimetre
629,
630,
631,180.0 centimetre
632,
633,
634,27.0 centimetre
635,27.0 centimetre
636,30.0 centimetre
637,
638,70.0 in
639,
640,
641,
642,
643,74.0 centimetre
644,
645,
646,
647,
648,
649,
650,
651,
652,
653,
654,580.0 gram
655,
656,
657,8.0 centimetre
658,80.0 centimetre
659,44.0 centimetre
660,44.0 centimetre
661,13.0 centimetre
662,26.0 centimetre
663,26.0 centimetre
664,26.0 centimetre
665,160.0 centimetre
666,
667,7.0 centimetre
668,7.0 centimetre
669,
670,
671,
672,
673,
674,
675,21.7 in
676,21.7 in
677,
678,
679,
680,15.1 centimetre
681,15.1 centimetre
682,1.25 in
683,1.25 in
684,200.0 gram
685,
686,
687,190.0 centimetre
688,11.0 in
689,
690,
691,75.0 millimetre
692,2.0 kilogram
693,68.0 centimetre
694,68.0 centimetre
695,
696,
697,13.0 centimetre
698,
699,
700,
701,
702,9.0 centimetre
703,9.0 centimetre
704,9.0 centimetre
705,7.87 in
706,7.87 in
707,80.0 centimetre
708,1.0 in
709,1.0 in
710,80.0 centimetre
711,
712,
713,15.0 centimetre
714,15.0 centimetre
715,15.0 centimetre
716,88.0 centimetre
717,17.0 in
718,17.0 in
719,
720,11.8 in
721,11.8 in
722,
723,
724,
725,
726,
727,
728,
729,25.2 volt
730,
731,95.25 centimetre
732,95.25 centimetre
733,
734,
735,17.0 centimetre
736,17.0 centimetre
737,8.0 millimetre
738,8.0 millimetre
739,
740,16.0 fl oz
741,3.5 in
742,3.5 in
743,
744,
745,
746,0.0 ton
747,35.0 millimetre
748,35.0 millimetre
749,11.0 in
750,11.0 in
751,
752,
753,5.9 in
754,5.9 in
755,0.7 in
756,0.7 in
757,10.0 in
758,10.0 in
759,10.0 in
760,
761,
762,
763,48.01 centimetre
764,
765,
766,2.75 in
767,2.75 in
768,
769,
770,
771,
772,110.0 volt
773,
774,
775,
776,
777,4.0 centimetre
778,
779,
780,
781,162.0 millimetre
782,162.0 millimetre
783,
784,47.0 centimetre
785,47.0 centimetre
786,47.0 centimetre
787,
788,3.8 in
789,3.8 in
790,3.8 in
791,5.1 in
792,5.1 in
793,9.0 in
794,9.0 in
795,
796,12.0 centimetre
797,12.0 centimetre
798,12.0 centimetre
799,
800,
801,
802,
803,26.0 in
804,26.0 in
805,26.0 in
806,30.5 centimetre
807,13.0 centimetre
808,
809,
810,
811,
812,31.0 centimetre
813,31.0 centimetre
814,250.0 millilitre
815,
816,
817,
818,
819,60.0 centimetre
820,60.0 centimetre
821,60.0 centimetre
822,
823,
824,
825,
826,
827,5.0 centimetre
828,
829,
830,
831,8.0 centimetre
832,
833,
834,
835,
836,25.0 millimetre
837,25.0 millimetre
838,25.0 millimetre
839,29.5 in
840,29.5 in
841,117.0 gram
842,
843,
844,
845,
846,
847,45.0 kilogram
848,1200.0 millilitre
849,
850,
851,
852,4.625 in
853,6.7 in
854,6.7 in
855,50.0 centimetre
856,50.0 centimetre
857,
858,
859,
860,0.0 centimetre
861,
862,23.0 centimetre
863,23.0 centimetre
864,23.0 centimetre
865,
866,
867,4.5 centimetre
868,
869,10.8 centimetre
870,10.8 centimetre
871,
872,120.0 centimetre
873,120.0 centimetre
874,
875,40.5 centimetre
876,40.0 centimetre
877,
878,60.0 centimetre
879,15.0 centimetre
880,
881,
882,1.3 in
883,1.3 in
884,453.0 gram
885,
886,
887,
888,
889,120.0 centimetre
890,120.0 centimetre
891,120.0 centimetre
892,33.0 inch
893,33.0 inch
894,
895,300.0 centimetre
896,300.0 centimetre
897,84.0 centimetre
898,750.0 gram
899,
900,40.0 centimetre
901,6.0 centimetre
902,6.0 centimetre
903,
904,167.0 centimetre
905,167.0 centimetre
906,41.0 in
907,41.0 in
908,41.0 in
909,88.0 centimetre
910,60.0 centimetre
911,
912,220.0 volt
913,
914,
915,12.9 in
916,12.9 in
917,50.0 centimetre
918,
919,
920,220.0 volt
921,5.0 centimetre
922,5.0 centimetre
923,40.0 centimetre
924,
925,120.0 centimetre
926,
927,
928,23.0 centimetre
929,23.0 centimetre
930,23.0 centimetre
931,30.0 centimetre
932,
933,
934,
935,
936,30.0 centimetre
937,30.0 centimetre
938,
939,
940,
941,
942,
943,7.8 in
944,3.0 in
945,
946,
947,21.0 kilogram
948,0.98 in
949,0.98 in
950,3.9 in
951,3.9 in
952,70.0 centimetre
953,70.0 centimetre
954,120.0 centimetre
955,120.0 centimetre
956,190.37 millimetre
957,190.37 millimetre
958,
959,
960,27.5 centimetre
961,27.5 centimetre
962,28.0 centimetre
963,28.0 centimetre
964,28.0 centimetre
965,2.75 in
966,2.75 in
967,
968,
969,1.37 in
970,
971,
972,3.9 in
973,3.9 in
974,3.9 in
975,
976,8.0 in
977,8.0 in
978,
979,
980,
981,2.7 in
982,2.7 in
983,
984,30.48 centimetre
985,
986,1.85 in
987,18.0 centimetre
988,18.0 centimetre
989,11.0 in
990,
991,13.0 centimetre
992,13.0 centimetre
993,13.0 centimetre
994,45.0 centimetre
995,45.0 centimetre
996,
997,
998,
999,
1000,
1001,16.0 pound
1002,3.74 in
1003,3.74 in
1004,
1005,
1006,88.0 centimetre
1007,0.18 pound
1008,193.0 in
1009,15.0 metre
1010,15.0 metre
1011,
1012,
1013,
1014,
1015,5.0 centimetre
1016,
1017,
1018,21.0 gram
1019,78.99 centimetre
1020,
1021,
1022,150.0 millimetre
1023,150.0 millimetre
1024,44.98 centimetre
1025,156.0 gram
1026,
1027,
1028,
1029,1.77 in
1030,1.77 in
1031,96.0 centimetre
1032,230.0 volt
1033,17.0 watt
1034,
1035,60.0 centimetre
1036,
1037,
1038,
1039,
1040,50.0 metre
1041,129.0 centimetre
1042,5.9 in
1043,5.9 in
1044,30.0 centimetre
1045,
1046,
1047,12.0 watt
1048,
1049,
1050,
1051,9.0 centimetre
1052,
1053,
1054,100.0 centimetre
1055,6.0 centimetre
1056,
1057,
1058,
1059,
1060,
1061,
1062,
1063,
1064,39.0 centimetre
1065,
1066,44.0 centimetre
1067,44.0 centimetre
1068,
1069,4.5 in
1070,4.5 in
1071,4.5 in
1072,78.7 in
1073,78.7 in
1074,
1075,
1076,70.0 centimetre
1077,
1078,
1079,
1080,
1081,
1082,
1083,52.0 centimetre
1084,2.8 in
1085,2.8 in
1086,3.93 in
1087,3.93 in
1088,3.93 in
1089,
1090,7.9 in
1091,7.9 in
1092,6.0 millimetre
1093,
1094,9.0 centimetre
1095,9.0 centimetre
1096,9.0 centimetre
1097,4.0 in
1098,
1099,28.0 gram
1100,
1101,
1102,
1103,
1104,68.0 centimetre
1105,68.0 centimetre
1106,2.63 in
1107,2.63 in
1108,
1109,
1110,
1111,180.0 centimetre
1112,45.0 centimetre
1113,
1114,24.0 centimetre
1115,6.4 in
1116,6.4 in
1117,10.0 in
1118,10.0 in
1119,10.0 in
1120,4.7 in
1121,4.7 in
1122,80.0 centimetre
1123,190.0 ton
1124,107.0 centimetre
1125,5.0 centimetre
1126,
1127,
1128,60.0 centimetre
1129,
1130,
1131,
1132,47.0 centimetre
1133,47.0 centimetre
1134,47.0 centimetre
1135,
1136,8.0 centimetre
1137,8.0 centimetre
1138,14.0 centimetre
1139,14.0 centimetre
1140,4.0 in
1141,6.7 in
1142,6.7 in
1143,2.75 in
1144,2.75 in
1145,
1146,7.0 centimetre
1147,
1148,
1149,
1150,
1151,
1152,45.0 centimetre
1153,45.0 centimetre
1154,19.5 centimetre
1155,
1156,120.0 centimetre
1157,3.0 in
1158,3.0 in
1159,
1160,76.0 centimetre
1161,76.0 centimetre
1162,76.0 centimetre
1163,
1164,
1165,
1166,6.0 in
1167,6.0 in
1168,6.0 in
1169,
1170,3.9 in
1171,3.9 in
1172,25.5 centimetre
1173,25.5 centimetre
1174,160.0 centimetre
1175,
1176,
1177,110.0 centimetre
1178,10.62 in
1179,10.62 in
1180,2.2 fl oz
1181,
1182,
1183,98.0 centimetre
1184,
1185,
1186,15.0 in
1187,15.0 in
1188,
1189,
1190,
1191,
1192,180.0 centimetre
1193,180.0 centimetre
1194,60.0 centimetre
1195,60.0 centimetre
1196,3.14 in
1197,3.14 in
1198,3.14 in
1199,45.72 centimetre
1200,45.72 centimetre
1201,
1202,40.0 centimetre
1203,
1204,5.0 centimetre
1205,5.0 centimetre
1206,5.0 centimetre
1207,5.0 centimetre
1208,22.0 in
1209,22.0 in
1210,
1211,
1212,5.0 centimetre
1213,
1214,
1215,60.0 centimetre
1216,60.0 centimetre
1217,115.0 gram
1218,
1219,3.93 in
1220,3.93 in
1221,19.0 centimetre
1222,19.0 centimetre
1223,0.6 kilogram
1224,
1225,
1226,4.8 centimetre
1227,4.8 centimetre
1228,4.8 centimetre
1229,744.0 centimetre
1230,45.0 centimetre
1231,45.0 centimetre
1232,
1233,28.0 gram
1234,2.0 centimetre
1235,
1236,42.0 centimetre
1237,42.0 centimetre
1238,
1239,28.0 centimetre
1240,
1241,
1242,
1243,11.3 centimetre
1244,11.3 centimetre
1245,
1246,700.0 centimetre
1247,700.0 centimetre
1248,5.7 in
1249,5.7 in
1250,
1251,12.0 centimetre
1252,12.0 centimetre
1253,203.0 gram
1254,3.0 kilogram
1255,350.0 pound
1256,16.0 in
1257,13.0 centimetre
1258,13.0 centimetre
1259,
1260,2.4 in
1261,2.4 in
1262,68.0 centimetre
1263,
1264,
1265,
1266,80.0 centimetre
1267,80.0 centimetre
1268,177.98 centimetre
1269,177.98 centimetre
1270,
1271,
1272,
1273,
1274,150.0 millimetre
1275,150.0 millimetre
1276,150.0 millimetre
1277,
1278,
1279,
1280,36.0 centimetre
1281,
1282,
1283,
1284,
1285,
1286,
1287,
1288,
1289,
1290,170.0 gram
1291,22.0 centimetre
1292,22.0 centimetre
1293,
1294,9.6 centimetre
1295,78.96 centimetre
1296,10.5 in
1297,10.5 in
1298,5.0 in
1299,5.0 in
1300,60.0 centimetre
1301,60.0 centimetre
1302,
1303,152.4 centimetre
1304,750.0 watt
1305,53.0 centimetre
1306,53.0 centimetre
1307,
1308,
1309,
1310,
1311,
1312,
1313,
1314,5.0 in
1315,3.3 in
1316,3.3 in
1317,3.3 in
1318,38.0 centimetre
1319,38.0 centimetre
1320,
1321,28.5 centimetre
1322,28.5 centimetre
1323,
1324,9.2 in
1325,9.2 in
1326,3.1 ounce
1327,
1328,128.0 millimetre
1329,12.2 centimetre
1330,0.0 kilogram
1331,
1332,
1333,210.0 centimetre
1334,210.0 centimetre
1335,5.98 in
1336,5.98 in
1337,60.0 centimetre
1338,60.0 centimetre
1339,
1340,110.0 centimetre
1341,3.0 gram
1342,105.0 centimetre
1343,6.5 centimetre
1344,6.1 in
1345,6.1 in
1346,
1347,
1348,
1349,
1350,
1351,
1352,
1353,
1354,1.77 in
1355,1.77 in
1356,6.0 in
1357,6.0 in
1358,6.0 in
1359,90.0 centimetre
1360,145.0 millimetre
1361,145.0 millimetre
1362,8.0 millimetre
1363,
1364,30.0 in
1365,30.0 in
1366,30.0 in
1367,
1368,4.0 volt
1369,
1370,
1371,
1372,1.97 in
1373,50.0 centimetre
1374,50.0 centimetre
1375,50.0 centimetre
1376,30.48 centimetre
1377,244.0 centimetre
1378,244.0 centimetre
1379,
1380,8.0 in
1381,8.0 in
1382,5.0 centimetre
1383,22.0 in
1384,
1385,
1386,43.0 centimetre
1387,
1388,
1389,
1390,
1391,
1392,
1393,100.0 centimetre
1394,100.0 centimetre
1395,
1396,21.0 centimetre
1397,21.0 centimetre
1398,
1399,48.01 centimetre
1400,1.8 kilogram
1401,9.8 in
1402,9.8 in
1403,
1404,66.0 centimetre
1405,
1406,
1407,
1408,13.0 centimetre
1409,13.0 centimetre
1410,
1411,12.0 volt
1412,
1413,
1414,
1415,74.0 centimetre
1416,
1417,60.0 centimetre
1418,60.0 centimetre
1419,50.0 centimetre
1420,50.0 centimetre
1421,850.0 gram
1422,850.0 gram
1423,74.0 metre
1424,
1425,
1426,
1427,4.0 centimetre
1428,4.0 centimetre
1429,
1430,
1431,
1432,140.0 centimetre
1433,140.0 centimetre
1434,12.0 centimetre
1435,120.0 centimetre
1436,120.0 centimetre
1437,
1438,
1439,
1440,
1441,9.0 centimetre
1442,9.0 centimetre
1443,330.0 millimetre
1444,
1445,
1446,
1447,
1448,
1449,33.0 centimetre
1450,
1451,75.0 centimetre
1452,
1453,
1454,
1455,50.0 inch
1456,50.0 inch
1457,50.0 inch
1458,
1459,
1460,38.5 centimetre
1461,7.1 in
1462,7.1 in
1463,22.0 centimetre
1464,26.0 volt
1465,
1466,3.0 in
1467,
1468,
1469,33.0 centimetre
1470,33.0 centimetre
1471,25.0 millimetre
1472,
1473,33.0 centimetre
1474,30.0 centimetre
1475,30.0 centimetre
1476,
1477,
1478,
1479,
1480,18.0 volt
1481,57.0 millimetre
1482,57.0 millimetre
1483,57.0 millimetre
1484,78.0 centimetre
1485,78.0 centimetre
1486,100.0 kilogram
1487,
1488,18.0 volt
1489,205.0 millimetre
1490,205.0 millimetre
1491,157.0 centimetre
1492,
1493,
1494,
1495,
1496,12.0 inch
1497,
1498,600.0 milligram
1499,2.1 in
1500,2.0 in
1501,2.0 in
1502,90.0 centimetre
1503,
1504,
1505,8.0 millimetre
1506,218.0 gram
1507,0.8 in
1508,5.0 centimetre
1509,5.0 centimetre
1510,
1511,18.0 centimetre
1512,18.0 centimetre
1513,264.0 millimetre
1514,
1515,
1516,
1517,10.22 in
1518,10.22 in
1519,2.0 centimetre
1520,82.5 centimetre
1521,12.0 volt
1522,
1523,18.0 centimetre
1524,18.0 centimetre
1525,
1526,
1527,
1528,
1529,
1530,
1531,
1532,
1533,
1534,
1535,3113.0 ton
1536,
1537,4.7 in
1538,4.7 in
1539,
1540,
1541,
1542,
1543,
1544,215.0 centimetre
1545,5.0 centimetre
1546,
1547,800.0 pound
1548,
1549,
1550,
1551,3.15 in
1552,
1553,
1554,
1555,
1556,
1557,8.3 in
1558,8.3 in
1559,8.3 in
1560,
1561,150.0 kilogram
1562,24.0 centimetre
1563,9.8 centimetre
1564,9.8 centimetre
1565,
1566,2.5 in
1567,2.5 in
1568,2.5 in
1569,43.0 centimetre
1570,80.0 metre
1571,1.6 kilogram
1572,
1573,
1574,27.2 gram
1575,
1576,
1577,22.0 pound
1578,
1579,
1580,
1581,
1582,
1583,35.0 centimetre
1584,35.0 centimetre
1585,35.0 centimetre
1586,25.8 millimetre
1587,25.8 millimetre
1588,5.7 in
1589,5.7 in
1590,5.7 in
1591,13.8 inch
1592,107.0 centimetre
1593,107.0 centimetre
1594,107.0 centimetre
1595,0.0 l
1596,
1597,
1598,15.0 centimetre
1599,15.0 centimetre
1600,11.8 inch
1601,11.8 inch
1602,11.8 inch
1603,200.0 millimetre
1604,
1605,250.0 millimetre
1606,45.0 centimetre
1607,3.25 in
1608,3.25 in
1609,3.25 in
1610,5.0 centimetre
1611,1.9 in
1612,3.9 in
1613,3.9 in
1614,
1615,8.06 in
1616,8.06 in
1617,1500.0 watt
1618,
1619,
1620,52.0 gram
1621,
1622,
1623,
1624,
1625,
1626,
1627,
1628,
1629,
1630,
1631,135.0 kilogram
1632,
1633,
1634,
1635,7.87 in
1636,7.87 in
1637,
1638,
1639,
1640,25.5 centimetre
1641,25.5 centimetre
1642,30.0 centimetre
1643,
1644,
1645,
1646,59.05 in
1647,59.05 in
1648,59.05 in
1649,160.0 centimetre
1650,160.0 centimetre
1651,100.0 centimetre
1652,100.0 centimetre
1653,
1654,2.32 in
1655,24.0 centimetre
1656,5.0 centimetre
1657,13.0 in
1658,13.0 in
1659,13.0 in
1660,
1661,
1662,
1663,19.0 centimetre
1664,
1665,
1666,12.0 fluid ounce
1667,
1668,54.0 in
1669,
1670,6.0 centimetre
1671,6.0 centimetre
1672,
1673,
1674,15.5 centimetre
1675,
1676,330.0 pound
1677,
1678,
1679,11.02 in
1680,11.02 in
1681,
1682,125.0 gram
1683,
1684,24.0 millimetre
1685,10.8 centimetre
1686,
1687,16.0 millimetre
1688,16.0 millimetre
1689,
1690,50.0 kilogram
1691,
1692,5.9 in
1693,5.9 in
1694,5.9 in
1695,100.0 kilogram
1696,100.0 kilogram
1697,
1698,
1699,12.0 volt
1700,47.2 inch
1701,28.0 centimetre
1702,28.0 centimetre
1703,28.0 centimetre
1704,15.7 centimetre
1705,4.0 ounce
1706,125.0 millimetre
1707,125.0 millimetre
1708,22.0 centimetre
1709,3.6 metre
1710,3.6 metre
1711,33.0 centimetre
1712,33.0 centimetre
1713,1.5 in
1714,1.5 in
1715,0.99 kilogram
1716,
1717,20.0 gram
1718,12.0 centimetre
1719,8.0 in
1720,
1721,7.5 centimetre
1722,7.5 centimetre
1723,2930.0 watt
1724,59.0 pound
1725,
1726,
1727,250.0 kilogram
1728,250.0 kilogram
1729,
1730,53.9 centimetre
1731,0.0 pound
1732,85.0 gram
1733,
1734,
1735,26.0 centimetre
1736,26.0 centimetre
1737,
1738,
1739,200.0 kilogram
1740,5.8 in
1741,5.8 in
1742,
1743,326.0 gram
1744,120.0 volt
1745,750.0 watt
1746,340.0 millimetre
1747,340.0 millimetre
1748,340.0 millimetre
1749,35.0 millimetre
1750,35.0 millimetre
1751,
1752,
1753,
1754,17.8 centimetre
1755,
1756,19.0 millimetre
1757,
1758,
1759,
1760,
1761,13.7 centimetre
1762,13.7 centimetre
1763,
1764,180.0 milligram
1765,
1766,25.0 millimetre
1767,16.3 kilogram
1768,265.0 pound
1769,
1770,
1771,220.0 volt
1772,13.09 in
1773,13.09 in
1774,
1775,
1776,13.8 centimetre
1777,20.0 inch
1778,20.0 volt
1779,
1780,18.0 centimetre
1781,10.0 in
1782,10.0 in
1783,249.72 millimetre
1784,249.72 millimetre
1785,
1786,79.0 centimetre
1787,
1788,
1789,20.0 pound
1790,10.0 ounce
1791,37.0 centimetre
1792,37.0 centimetre
1793,157.5 in
1794,157.5 in
1795,0.9 in
1796,0.9 in
1797,73.0 metre
1798,15.0 ounce
1799,
1800,
1801,
1802,80.0 centimetre
1803,3.0 ton
1804,11.59 in
1805,16.0 centimetre
1806,
1807,19.0 centimetre
1808,19.0 centimetre
1809,16.0 centimetre
1810,16.0 centimetre
1811,16.0 centimetre
1812,150.0 kilogram
1813,7.87 in
1814,7.87 in
1815,198.0 gram
1816,
1817,
1818,7.8 in
1819,7.8 in
1820,
1821,
1822,
1823,
1824,
1825,3.14 in
1826,3.14 in
1827,7.0 centimetre
1828,
1829,80.5 centimetre
1830,
1831,
1832,
1833,
1834,
1835,
1836,90.0 centimetre
1837,18.5 centimetre
1838,
1839,103.0 centimetre
1840,5.0 centimetre
1841,188.0 centimetre
1842,188.0 centimetre
1843,
1844,
1845,
1846,23.5 centimetre
1847,12.5 centimetre
1848,2.7 in
1849,2.7 in
1850,
1851,
1852,
1853,430.0 millimetre
1854,430.0 millimetre
1855,350.0 pound
1856,
1857,
1858,
1859,1.2 in
1860,1.2 in
1861,45.0 centimetre
1862,26.0 centimetre
1863,
1864,
1865,
1866,
1867,7.28 in
1868,87.0 inch
1869,2.0 in
1870,2.0 in
1871,9.0 centimetre
1872,
1873,30.0 pound
1874,
1875,
1876,
1877,
1878,
1879,9.0 inch
1880,3.0 in
1881,3.0 in
1882,3.0 in
1883,5.12 inch
1884,
1885,9.0 centimetre
1886,
1887,14.5 centimetre
1888,2.95 in
1889,2.95 in
1890,
1891,
1892,
1893,
1894,47.0 centimetre
1895,
1896,130.0 centimetre
1897,
1898,1.7 in
1899,1.7 in
1900,4.7 in
1901,4.7 in
1902,3.5 in
1903,3.5 in
1904,200.0 pound
1905,6.7 in
1906,6.7 in
1907,9.0 inch
1908,9.0 inch
1909,125.0 centimetre
1910,125.0 centimetre
1911,
1912,
1913,
1914,
1915,8.0 in
1916,
1917,
1918,
1919,80.0 centimetre
1920,45.0 millimetre
1921,18.0 centimetre
1922,18.0 centimetre
1923,
1924,
1925,176.0 centimetre
1926,3.0 fl oz
1927,5.9 in
1928,5.9 in
1929,59.0 centimetre
1930,59.0 centimetre
1931,
1932,39.0 centimetre
1933,
1934,
1935,
1936,
1937,
1938,
1939,
1940,35.0 centimetre
1941,35.0 centimetre
1942,15.0 l
1943,
1944,120.0 centimetre
1945,120.0 centimetre
1946,14.5 centimetre
1947,
1948,
1949,
1950,
1951,1.0 centimetre
1952,
1953,
1954,
1955,1.49 inch
1956,
1957,8.0 centimetre
1958,8.0 centimetre
1959,
1960,9.0 inch
1961,9.0 inch
1962,
1963,
1964,140.0 millimetre
1965,140.0 millimetre
1966,1.4 in
1967,
1968,6.5 centimetre
1969,8.0 centimetre
1970,8.0 centimetre
1971,4.0 millimetre
1972,28.0 millimetre
1973,28.0 millimetre
1974,
1975,61.0 millimetre
1976,61.0 millimetre
1977,5.5 in
1978,
1979,25.0 centimetre
1980,25.0 centimetre
1981,
1982,
1983,27.45 kilogram
1984,
1985,
1986,30.0 centimetre
1987,
1988,
1989,
1990,5.0 centimetre
1991,
1992,3.0 in
1993,25.0 centimetre
1994,
1995,
1996,180.0 millimetre
1997,150.0 centimetre
1998,1.2 in
1999,
2000,
2001,
2002,
2003,5.0 centimetre
2004,35.0 centimetre
2005,
2006,
2007,
2008,3.5 centimetre
2009,3.5 centimetre
2010,108.0 centimetre
2011,108.0 centimetre
2012,108.0 centimetre
2013,
2014,
2015,
2016,
2017,
2018,
2019,
2020,18.0 centimetre
2021,18.0 centimetre
2022,18.0 centimetre
2023,
2024,5.0 centimetre
2025,5.0 centimetre
2026,37.0 centimetre
2027,
2028,
2029,15.0 centimetre
2030,15.0 centimetre
2031,
2032,
2033,
2034,330.0 pound
2035,25.0 centimetre
2036,
2037,15.0 centimetre
2038,15.0 centimetre
2039,231.0 millimetre
2040,231.0 millimetre
2041,
2042,12.3 kilogram
2043,90.0 centimetre
2044,34.5 in
2045,34.5 in
2046,6.0 in
2047,
2048,
2049,
2050,25.0 millimetre
2051,3.0 inch
2052,3.0 inch
2053,3.0 inch
2054,40.0 millimetre
2055,
2056,
2057,
2058,98.0 centimetre
2059,108.0 millimetre
2060,
2061,40.0 centimetre
2062,40.0 centimetre
2063,40.0 centimetre
2064,
2065,
2066,
2067,12.0 volt
2068,14.0 in
2069,9.8 centimetre
2070,
2071,3.8 volt
2072,0.59 in
2073,0.59 in
2074,
2075,80.0 centimetre
2076,80.0 centimetre
2077,
2078,
2079,
2080,
2081,
2082,
2083,
2084,
2085,100.0 gram
2086,2.0 in
2087,2.0 in
2088,
2089,
2090,
2091,236.0 gram
2092,3.0 in
2093,3.0 in
2094,
2095,
2096,
2097,
2098,
2099,13.0 millimetre
2100,13.0 millimetre
2101,
2102,
2103,0.475 kilogram
2104,
2105,
2106,80.0 centimetre
2107,80.0 centimetre
2108,220.0 millimetre
2109,220.0 millimetre
2110,21.0 ounce
2111,3.0 centimetre
2112,25.0 kilogram
2113,
2114,
2115,94.0 millimetre
2116,94.0 millimetre
2117,7.0 centimetre
2118,7.0 centimetre
2119,16.0 centimetre
2120,16.0 centimetre
2121,
2122,
2123,2.16 in
2124,2.16 in
2125,10.0 gram
2126,
2127,38.0 centimetre
2128,38.0 centimetre
2129,38.0 centimetre
2130,250.0 gram
2131,
2132,
2133,200.0 centimetre
2134,115.0 centimetre
2135,
2136,
2137,18.5 in
2138,18.5 in
2139,67.0 millimetre
2140,546.0 watt
2141,
2142,
2143,
2144,
2145,20.6 centimetre
2146,5.0 centimetre
2147,1.9 in
2148,6.0 inch
2149,6.0 inch
2150,
2151,
2152,55.1 in
2153,55.1 in
2154,38.0 centimetre
2155,
2156,4.6 in
2157,12.0 volt
2158,
2159,
2160,1.57 in
2161,1.57 in
2162,190.0 centimetre
2163,
2164,
2165,
2166,29.5 centimetre
2167,10.0 centimetre
2168,122.0 centimetre
2169,6.0 centimetre
2170,6.0 centimetre
2171,35.0 centimetre
2172,
2173,1300.0 watt
2174,
2175,21.3 centimetre
2176,21.3 centimetre
2177,21.3 centimetre
2178,0.0 centimetre
2179,0.0 centimetre
2180,0.0 centimetre
2181,
2182,1200.0 watt
2183,
2184,8.0 centimetre
2185,
2186,
2187,
2188,
2189,
2190,
2191,18.0 centimetre
2192,18.0 centimetre
2193,150.0 centimetre
2194,20.0 centimetre
2195,20.0 centimetre
2196,5.0 centimetre
2197,5.0 centimetre
2198,113.0 centimetre
2199,113.0 centimetre
2200,
2201,97.99 centimetre
2202,
2203,
2204,
2205,
2206,19.0 centimetre
2207,
2208,
2209,38.0 in
2210,38.0 in
2211,
2212,15.0 pound
2213,24.0 centimetre
2214,24.0 centimetre
2215,
2216,
2217,
2218,
2219,
2220,120.0 volt
2221,1500.0 watt
2222,14.17 in
2223,
2224,
2225,800.0 pound
2226,163.0 centimetre
2227,
2228,
2229,
2230,12.0 volt
2231,26.5 in
2232,19.5 centimetre
2233,40.0 centimetre
2234,2.1 foot
2235,2.1 foot
2236,
2237,
2238,
2239,
2240,
2241,
2242,
2243,1.8 in
2244,1.8 in
2245,1.8 in
2246,6.0 centimetre
2247,7.0 inch
2248,7.0 inch
2249,
2250,
2251,26.5 centimetre
2252,
2253,14.3 centimetre
2254,5.03 in
2255,5.03 in
2256,25.0 watt
2257,
2258,
2259,
2260,
2261,
2262,
2263,
2264,
2265,3.54 in
2266,2.4 in
2267,
2268,
2269,8.8 kilogram
2270,
2271,
2272,
2273,
2274,
2275,400.0 millimetre
2276,400.0 millimetre
2277,
2278,140.0 centimetre
2279,20.0 volt
2280,120.0 centimetre
2281,120.0 centimetre
2282,
2283,
2284,
2285,
2286,
2287,300.0 millimetre
2288,
2289,28.5 centimetre
2290,28.5 centimetre
2291,
2292,
2293,
2294,15.0 centimetre
2295,15.0 centimetre
2296,
2297,
2298,
2299,
2300,80.0 centimetre
2301,80.0 centimetre
2302,
2303,
2304,
2305,
2306,
2307,
2308,100.0 centimetre
2309,174.0 centimetre
2310,174.0 centimetre
2311,98.0 centimetre
2312,
2313,1.0 pound
2314,29.87 in
2315,29.0 gram
2316,4.0 in
2317,4.0 in
2318,2.0 ounce
2319,
2320,
2321,
2322,
2323,
2324,25.5 centimetre
2325,50.0 centimetre
2326,50.0 centimetre
2327,45.0 centimetre
2328,45.0 centimetre
2329,
2330,350.0 pound
2331,830.0 millilitre
2332,265.0 pound
2333,71.28 millimetre
2334,71.28 millimetre
2335,13.6 inch
2336,
2337,1.3 centimetre
2338,1.3 centimetre
2339,
2340,
2341,8.0 centimetre
2342,8.0 centimetre
2343,
2344,
2345,
2346,8.0 in
2347,
2348,
2349,6.5 centimetre
2350,6.5 centimetre
2351,88.0 millimetre
2352,46.85 in
2353,60.0 centimetre
2354,53.0 centimetre
2355,53.0 centimetre
2356,
2357,35.0 millimetre
2358,
2359,6.0 gram
2360,
2361,41.3 in
2362,7.0 in
2363,58.0 centimetre
2364,4.7 in
2365,4.7 in
2366,2.0 kilogram
2367,
2368,
2369,50.0 centimetre
2370,360.0 millimetre
2371,20.0 centimetre
2372,20.0 centimetre
2373,
2374,150.0 kilogram
2375,6.1 centimetre
2376,2.0 centimetre
2377,
2378,1.8 pound
2379,700.0 watt
2380,23.0 centimetre
2381,23.0 centimetre
2382,
2383,
2384,22.0 centimetre
2385,7.8 in
2386,55905.0 ton
2387,9.5 centimetre
2388,43.0 centimetre
2389,43.0 centimetre
2390,43.0 centimetre
2391,0.31 in
2392,0.31 in
2393,220.0 pound
2394,0.0 in
2395,70.0 centimetre
2396,70.0 centimetre
2397,97.0 centimetre
2398,
2399,
2400,
2401,40.0 centimetre
2402,2.76 inch
2403,2.76 inch
2404,40.0 centimetre
2405,40.0 centimetre
2406,
2407,12.0 in
2408,12.0 in
2409,6.5 inch
2410,6.5 inch
2411,2.1 kilogram
2412,
2413,12.0 centimetre
2414,37.0 centimetre
2415,37.0 centimetre
2416,3.3 in
2417,3.3 in
2418,3.3 in
2419,
2420,18.5 in
2421,90.0 gram
2422,
2423,32.0 centimetre
2424,120.0 centimetre
2425,120.0 centimetre
2426,120.0 centimetre
2427,1000.0 watt
2428,
2429,10.0 inch
2430,
2431,
2432,
2433,95.0 inch
2434,95.0 inch
2435,7.0 centimetre
2436,7.0 centimetre
2437,11.0 inch
2438,6.5 kilogram
2439,
2440,
2441,
2442,32.0 centimetre
2443,32.0 centimetre
2444,84.0 in
2445,84.0 in
2446,84.0 in
2447,
2448,
2449,
2450,2.2 in
2451,2.2 in
2452,60.0 centimetre
2453,180.0 centimetre
2454,41.0 inch
2455,41.0 inch
2456,
2457,
2458,220.0 volt
2459,
2460,
2461,90.0 centimetre
2462,
2463,21.0 centimetre
2464,62.0 millimetre
2465,
2466,
2467,
2468,10.0 centimetre
2469,10.0 centimetre
2470,35.0 centimetre
2471,35.0 centimetre
2472,35.0 centimetre
2473,21.0 millimetre
2474,21.0 millimetre
2475,6.5 centimetre
2476,
2477,
2478,32.0 centimetre
2479,
2480,2.4 in
2481,2.4 in
2482,29.0 centimetre
2483,29.0 centimetre
2484,
2485,
2486,6.0 in
2487,
2488,12.0 volt
2489,3.93 in
2490,3.93 in
2491,3.93 in
2492,80.0 centimetre
2493,
2494,
2495,
2496,80.0 centimetre
2497,
2498,8.0 centimetre
2499,8.0 centimetre
2500,11.75 inch
2501,11.75 inch
2502,11.75 inch
2503,130.0 millimetre
2504,
2505,
2506,
2507,20.0 watt
2508,
2509,15.0 centimetre
2510,15.0 centimetre
2511,15.0 centimetre
2512,
2513,6.0 ounce
2514,
2515,10.0 centimetre
2516,10.0 centimetre
2517,
2518,
2519,
2520,115.0 centimetre
2521,
2522,300.0 watt
2523,80.0 centimetre
2524,12.0 ounce
2525,
2526,48.0 centimetre
2527,
2528,106.0 pound
2529,8.0 metre
2530,8.0 metre
2531,8.0 metre
2532,
2533,4.72 in
2534,96.0 millimetre
2535,96.0 millimetre
2536,23.0 centimetre
2537,
2538,500.0 watt
2539,
2540,40.5 centimetre
2541,15.72 in
2542,15.72 in
2543,40.0 centimetre
2544,40.0 centimetre
2545,90.0 centimetre
2546,90.0 centimetre
2547,
2548,4.7 in
2549,4.7 in
2550,
2551,75.0 millimetre
2552,75.0 millimetre
2553,
2554,11.8 in
2555,1.0 centimetre
2556,1.0 centimetre
2557,110.0 pound
2558,
2559,
2560,
2561,
2562,191.0 gram
2563,
2564,
2565,
2566,
2567,
2568,4.0 centimetre
2569,4.0 centimetre
2570,
2571,27.0 centimetre
2572,21.6 volt
2573,
2574,
2575,
2576,
2577,
2578,120.0 volt
2579,
2580,22.0 kilogram
2581,
2582,
2583,23.0 centimetre
2584,23.0 centimetre
2585,1.4 kilogram
2586,1.4 kilogram
2587,5.1 in
2588,5.1 in
2589,140.0 centimetre
2590,
2591,18.0 centimetre
2592,18.0 centimetre
2593,
2594,35.0 millimetre
2595,20.3 centimetre
2596,20.3 centimetre
2597,20.3 centimetre
2598,35.0 centimetre
2599,
2600,7.0 gram
2601,
2602,
2603,300.0 gram
2604,35.0 centimetre
2605,35.0 centimetre
2606,
2607,
2608,
2609,12.59 in
2610,12.59 in
2611,
2612,
2613,
2614,330.0 pound
2615,
2616,
2617,
2618,30.5 centimetre
2619,54.0 centimetre
2620,48.0 centimetre
2621,6.5 inch
2622,6.5 inch
2623,
2624,
2625,
2626,
2627,
2628,
2629,
2630,110.0 volt
2631,8.0 centimetre
2632,8.0 centimetre
2633,40.0 centimetre
2634,
2635,0.0 pound
2636,8.4 in
2637,8.4 in
2638,8.6 in
2639,240.0 volt
2640,
2641,
2642,330.0 pound
2643,17.0 centimetre
2644,17.0 centimetre
2645,9.8 in
2646,9.8 in
2647,9.8 in
2648,
2649,
2650,
2651,
2652,
2653,
2654,
2655,12.0 volt
2656,
2657,6.89 inch
2658,6.89 inch
2659,
2660,2500.0 pound
2661,14.0 centimetre
2662,14.0 centimetre
2663,
2664,
2665,117.0 millimetre
2666,117.0 millimetre
2667,
2668,38.5 centimetre
2669,
2670,
2671,
2672,
2673,
2674,
2675,11.8 in
2676,11.8 in
2677,
2678,18.0 centimetre
2679,22.44 in
2680,22.44 in
2681,
2682,
2683,
2684,
2685,
2686,
2687,
2688,7.5 centimetre
2689,7.5 centimetre
2690,7.5 centimetre
2691,
2692,
2693,26.0 centimetre
2694,26.0 centimetre
2695,6.1 in
2696,6.1 in
2697,530.0 milligram
2698,
2699,
2700,
2701,6.0 centimetre
2702,
2703,
2704,4.33 inch
2705,5.0 centimetre
2706,8.2 centimetre
2707,8.2 centimetre
2708,275.0 gram
2709,
2710,
2711,30.0 pound
2712,20.0 centimetre
2713,20.0 centimetre
2714,
2715,14.1 in
2716,14.1 in
2717,90.0 millimetre
2718,90.0 millimetre
2719,90.0 millimetre
2720,
2721,2.1 in
2722,21.0 centimetre
2723,21.0 centimetre
2724,
2725,0.6 inch
2726,0.6 inch
2727,
2728,
2729,
2730,1.17 watt
2731,
2732,
2733,
2734,
2735,
2736,13.0 centimetre
2737,13.0 centimetre
2738,13.0 centimetre
2739,63.0 centimetre
2740,
2741,24.0 centimetre
2742,
2743,2.5 centimetre
2744,
2745,225.0 centimetre
2746,225.0 centimetre
2747,
2748,5.0 centimetre
2749,5.0 centimetre
2750,
2751,
2752,
2753,8.2 in
2754,
2755,1570.0 watt
2756,
2757,18.5 centimetre
2758,18.5 centimetre
2759,
2760,
2761,15.7 in
2762,15.7 in
2763,3.0 in
2764,3.0 in
2765,
2766,
2767,2.5 centimetre
2768,2.5 centimetre
2769,4.8 centimetre
2770,150.0 kilogram
2771,161.0 millimetre
2772,
2773,
2774,120.0 watt
2775,
2776,
2777,
2778,6.5 centimetre
2779,200.0 pound
2780,22.0 centimetre
2781,22.0 centimetre
2782,22.0 centimetre
2783,180.0 gram
2784,
2785,10.0 metre
2786,10.0 metre
2787,10.0 metre
2788,5.0 centimetre
2789,73.0 millimetre
2790,73.0 millimetre
2791,12.5 centimetre
2792,4.52 in
2793,4.52 in
2794,12.0 centimetre
2795,
2796,102.0 centimetre
2797,40.0 centimetre
2798,227.0 gram
2799,8.0 centimetre
2800,8.0 centimetre
2801,5.0 centimetre
2802,5.0 centimetre
2803,8.0 centimetre
2804,45.0 pound
2805,175.0 millimetre
2806,27.0 centimetre
2807,8.0 centimetre
2808,
2809,
2810,102.0 gram
2811,
2812,
2813,6.0 centimetre
2814,4.52 in
2815,
2816,
2817,
2818,60.0 centimetre
2819,60.0 centimetre
2820,25.0 centimetre
2821,
2822,1200.0 watt
2823,120.0 volt
2824,
2825,1350.0 watt
2826,14.0 centimetre
2827,5.7 centimetre
2828,5.7 centimetre
2829,
2830,
2831,5.0 metre
2832,
2833,30.0 centimetre
2834,2.16 in
2835,2.16 in
2836,
2837,
2838,47.0 centimetre
2839,39.0 gram
2840,
2841,
2842,
2843,8.0 centimetre
2844,8.0 centimetre
2845,8.0 centimetre
2846,
2847,72.0 gram
2848,
2849,
2850,0.67 fl oz
2851,5.6 centimetre
2852,
2853,
2854,1.8 in
2855,1.8 in
2856,220.0 millimetre
2857,220.0 millimetre
2858,16.8 volt
2859,
2860,
2861,
2862,15.0 watt
2863,40.0 centimetre
2864,120.0 centimetre
2865,226.0 gram
2866,
2867,12.4 centimetre
2868,12.4 centimetre
2869,8.46 in
2870,8.46 in
2871,65.0 gram
2872,65.0 gram
2873,79.0 inch
2874,23.6 centimetre
2875,
2876,2.28 in
2877,
2878,
2879,
2880,
2881,5.0 kilogram
2882,11.0 inch
2883,11.0 inch
2884,
2885,
2886,
2887,
2888,
2889,
2890,
2891,
2892,
2893,31.0 centimetre
2894,8.0 centimetre
2895,4.8 centimetre
2896,4.8 centimetre
2897,38.83 inch
2898,
2899,
2900,9.9 centimetre
2901,
2902,8.0 volt
2903,127.0 centimetre
2904,
2905,2.2 in
2906,2.2 in
2907,57.0 centimetre
2908,57.0 centimetre
2909,3.0 volt
2910,35.0 centimetre
2911,4.0 centimetre
2912,
2913,
2914,
2915,
2916,250.0 gram
2917,5.0 centimetre
2918,16.0 in
2919,16.0 in
2920,16.0 in
2921,2.0 in
2922,2.0 in
2923,3.54 inch
2924,3.54 inch
2925,3.54 inch
2926,
2927,265.0 pound
2928,25.0 kilogram
2929,20.0 centimetre
2930,20.0 centimetre
2931,10.3 millimetre
2932,7.87 in
2933,7.87 in
2934,
2935,
2936,
2937,2.0 in
2938,2.0 in
2939,2.0 in
2940,3.73 in
2941,
2942,
2943,
2944,4.0 centimetre
2945,4.0 centimetre
2946,
2947,58.0 centimetre
2948,58.0 centimetre
2949,
2950,12.0 volt
2951,
2952,
2953,
2954,
2955,20.0 centimetre
2956,
2957,
2958,2.5 centimetre
2959,340.0 gram
2960,
2961,65.0 centimetre
2962,
2963,14.0 centimetre
2964,14.0 centimetre
2965,
2966,
2967,5.32 in
2968,5.32 in
2969,5.32 in
2970,
2971,4.5 centimetre
2972,81.0 millimetre
2973,
2974,
2975,
2976,
2977,4.5 kilogram
2978,50.0 pound
2979,38.0 centimetre
2980,410.0 gram
2981,330.0 pound
2982,
2983,
2984,
2985,
2986,50.0 gram
2987,80.0 millimetre
2988,8.6 centimetre
2989,8.6 centimetre
2990,9.0 centimetre
2991,
2992,5.0 watt
2993,
2994,150.0 kilogram
2995,7.0 foot
2996,4.13 in
2997,4.13 in
2998,14.0 centimetre
2999,14.0 centimetre
3000,48.0 centimetre
3001,48.0 centimetre
3002,120.0 centimetre
3003,
3004,3.3 in
3005,230.0 millimetre
3006,230.0 millimetre
3007,
3008,
3009,
3010,
3011,
3012,
3013,2.0 watt
3014,
3015,
3016,
3017,22.0 centimetre
3018,22.0 centimetre
3019,
3020,3.8 centimetre
3021,28.0 centimetre
3022,
3023,
3024,
3025,
3026,
3027,
3028,454.0 gram
3029,220.0 volt
3030,
3031,
3032,9.4 in
3033,9.4 in
3034,95.0 watt
3035,24.0 volt
3036,
3037,2.0 centimetre
3038,2.0 centimetre
3039,
3040,18.0 centimetre
3041,8.27 in
3042,8.27 in
3043,7.27 in
3044,7.27 in
3045,
3046,4.0 watt
3047,
3048,2.1 kilogram
3049,42.0 inch
3050,
3051,1.45 in
3052,1.45 in
3053,
3054,
3055,
3056,
3057,
3058,
3059,100.0 centimetre
3060,
3061,14.0 kilogram
3062,
3063,
3064,9.0 centimetre
3065,
3066,
3067,
3068,
3069,
3070,
3071,28.3 in
3072,28.3 in
3073,
3074,20.0 centimetre
3075,11.2 in
3076,11.2 in
3077,120.0 watt
3078,
3079,
3080,17.0 millimetre
3081,17.0 millimetre
3082,120.0 millimetre
3083,4.33 in
3084,4.33 in
3085,12.2 centimetre
3086,12.2 centimetre
3087,
3088,
3089,10.0 ounce
3090,2.95 in
3091,
3092,6.3 in
3093,23.0 millimetre
3094,454.0 gram
3095,9.8 in
3096,
3097,
3098,8.0 gram
3099,
3100,
3101,
3102,
3103,
3104,16.9 in
3105,1.45 in
3106,1.45 in
3107,9.5 centimetre
3108,9.5 centimetre
3109,9.5 centimetre
3110,
3111,
3112,
3113,
3114,
3115,
3116,
3117,16.3 ounce
3118,2.3 centimetre
3119,2.3 centimetre
3120,
3121,
3122,60.0 centimetre
3123,6.7 in
3124,6.7 in
3125,15.75 inch
3126,2.36 in
3127,
3128,64.0 centimetre
3129,64.0 centimetre
3130,
3131,5.0 in
3132,7.0 centimetre
3133,
3134,
3135,
3136,11.8 in
3137,11.8 in
3138,
3139,
3140,
3141,
3142,
3143,
3144,
3145,
3146,
3147,
3148,
3149,
3150,
3151,62.0 centimetre
3152,8.0 centimetre
3153,8.0 centimetre
3154,1.6 in
3155,1.6 in
3156,10.0 centimetre
3157,0.8 centimetre
3158,0.8 centimetre
3159,
3160,2.4 inch
3161,
3162,120.0 pound
3163,
3164,4.6 inch
3165,4.6 inch
3166,50.0 centimetre
3167,
3168,
3169,
3170,
3171,7.0 centimetre
3172,7.0 centimetre
3173,7.0 millimetre
3174,7.0 millimetre
3175,
3176,
3177,
3178,7.0 centimetre
3179,5.3 in
3180,5.3 in
3181,27.0 centimetre
3182,27.0 centimetre
3183,
3184,120.0 volt
3185,
3186,12.0 centimetre
3187,12.0 centimetre
3188,
3189,
3190,1.2 gram
3191,
3192,
3193,150.0 kilogram
3194,250.0 watt
3195,
3196,42.0 millimetre
3197,
3198,7.0 pound
3199,1.18 inch
3200,
3201,
3202,
3203,
3204,
3205,
3206,4.8 centimetre
3207,274.0 millimetre
3208,
3209,
3210,
3211,15.0 inch
3212,9.0 centimetre
3213,9.0 centimetre
3214,
3215,
3216,1500.0 watt
3217,
3218,42.4 centimetre
3219,
3220,
3221,
3222,70.0 centimetre
3223,70.0 centimetre
3224,70.0 centimetre
3225,
3226,
3227,11.0 in
3228,
3229,1.5 in
3230,8.0 centimetre
3231,
3232,
3233,
3234,62.0 centimetre
3235,30.0 centimetre
3236,12.0 millimetre
3237,48.0 inch
3238,
3239,
3240,
3241,56.0 kilogram
3242,43.0 centimetre
3243,
3244,5.0 inch
3245,5.0 inch
3246,
3247,
3248,
3249,
3250,30.0 millilitre
3251,
3252,
3253,68.0 millimetre
3254,95.0 centimetre
3255,95.0 centimetre
3256,
3257,15.0 centimetre
3258,44.0 pound
3259,
3260,1300.0 watt
3261,
3262,
3263,10.0 centimetre
3264,15.0 centimetre
3265,15.0 centimetre
3266,13.5 inch
3267,13.5 inch
3268,
3269,
3270,2.5 pound
3271,40.64 centimetre
3272,40.64 centimetre
3273,
3274,2.0 centimetre
3275,3.2 in
3276,3.2 in
3277,9.0 centimetre
3278,3.0 pound
3279,45.0 centimetre
3280,45.0 centimetre
3281,
3282,7.27 in
3283,7.27 in
3284,
3285,
3286,48.0 watt
3287,10.0 centimetre
3288,
3289,
3290,
3291,
3292,4.0 centimetre
3293,
3294,5.8 centimetre
3295,5.8 centimetre
3296,110.0 centimetre
3297,
3298,23.62 in
3299,5.0 centimetre
3300,5.0 centimetre
3301,1.5 in
3302,
3303,2.0 centimetre
3304,78.0 in
3305,40.0 centimetre
3306,40.0 centimetre
3307,
3308,
3309,290.0 millimetre
3310,7.4 in
3311,
3312,45.0 centimetre
3313,
3314,
3315,
3316,
3317,
3318,
3319,
3320,
3321,
3322,
3323,
3324,424.0 kilogram
3325,1.18 inch
3326,1.18 inch
3327,
3328,8.0 in
3329,8.0 in
3330,8.0 kilogram
3331,
3332,
3333,18.0 in
3334,34.0 centimetre
3335,
3336,
3337,25.0 pound
3338,40.0 centimetre
3339,40.0 centimetre
3340,8.0 centimetre
3341,
3342,8.0 volt
3343,17.0 pound
3344,
3345,
3346,
3347,1.18 in
3348,1.18 in
3349,13.0 centimetre
3350,13.0 centimetre
3351,168.0 centimetre
3352,
3353,
3354,250.0 watt
3355,52.0 centimetre
3356,
3357,2.36 in
3358,2.36 in
3359,7.0 centimetre
3360,
3361,1000.0 watt
3362,
3363,
3364,
3365,
3366,40.0 centimetre
3367,90.0 kilogram
3368,
3369,
3370,10.0 centimetre
3371,1.0 kilogram
3372,
3373,5.5 centimetre
3374,52.0 millimetre
3375,1800.0 watt
3376,
3377,
3378,30.0 pound
3379,3.0 metre
3380,3.0 metre
3381,3.0 metre
3382,
3383,0.79 in
3384,0.79 in
3385,0.79 in
3386,82.0 millimetre
3387,82.0 millimetre
3388,195.0 millimetre
3389,
3390,300.0 kilogram
3391,
3392,
3393,
3394,
3395,6.0 centimetre
3396,6.0 centimetre
3397,
3398,21.3 in
3399,11.0 centimetre
3400,750.0 pound
3401,15.0 centimetre
3402,15.0 centimetre
3403,40.64 centimetre
3404,97.16 centimetre
3405,18.0 inch
3406,
3407,22.0 centimetre
3408,22.0 centimetre
3409,
3410,
3411,1.5 centimetre
3412,
3413,2.0 pound
3414,8.0 centimetre
3415,9.8 in
3416,9.8 in
3417,
3418,
3419,65.0 centimetre
3420,65.0 centimetre
3421,
3422,230.0 volt
3423,210.0 centimetre
3424,210.0 centimetre
3425,138.0 millimetre
3426,
3427,
3428,
3429,25.4 centimetre
3430,25.4 centimetre
3431,6.5 in
3432,6.5 in
3433,
3434,
3435,5.7 in
3436,
3437,8.0 in
3438,6.4 centimetre
3439,6.4 centimetre
3440,
3441,8.2 centimetre
3442,
3443,
3444,3.6 inch
3445,
3446,
3447,
3448,
3449,
3450,
3451,
3452,
3453,4.0 centimetre
3454,4.0 centimetre
3455,
3456,
3457,11.4 in
3458,11.4 in
3459,
3460,
3461,
3462,
3463,8.0 watt
3464,
3465,3.7 volt
3466,
3467,
3468,10.6 in
3469,10.6 in
3470,60.0 centimetre
3471,3.9 in
3472,3.9 in
3473,
3474,
3475,12.7 centimetre
3476,12.7 centimetre
3477,
3478,6.0 centimetre
3479,6.0 centimetre
3480,
3481,
3482,5.3 centimetre
3483,
3484,
3485,84.0 millimetre
3486,8.06 in
3487,8.06 in
3488,5.0 centimetre
3489,5.0 centimetre
3490,
3491,
3492,12.0 centimetre
3493,12.0 centimetre
3494,4.75 in
3495,4.75 in
3496,4.75 in
3497,150.0 kilogram
3498,9.0 in
3499,9.0 in
3500,
3501,3.5 in
3502,3.5 in
3503,10.0 in
3504,10.0 in
3505,
3506,
3507,27.0 centimetre
3508,220.0 centimetre
3509,15.0 centimetre
3510,15.0 centimetre
3511,
3512,
3513,2.48 in
3514,
3515,
3516,250.0 pound
3517,55.0 in
3518,0.5 kilogram
3519,
3520,
3521,120.0 centimetre
3522,45.0 millimetre
3523,250.0 millilitre
3524,
3525,
3526,
3527,3.0 millimetre
3528,3.7 pound
3529,220.0 pound
3530,
3531,35.0 millimetre
3532,9.0 centimetre
3533,
3534,3.9 centimetre
3535,
3536,2.0 watt
3537,19.0 centimetre
3538,19.0 centimetre
3539,
3540,90.0 centimetre
3541,72.0 centimetre
3542,72.0 centimetre
3543,72.0 centimetre
3544,
3545,560.0 pound
3546,13.0 in
3547,0.7 inch
3548,0.7 inch
3549,45.0 millimetre
3550,
3551,
3552,
3553,7.86 in
3554,7.86 in
3555,
3556,
3557,3.0 centimetre
3558,7.5 centimetre
3559,7.5 centimetre
3560,75.0 in
3561,
3562,
3563,1.2 kilogram
3564,
3565,
3566,5.0 pound
3567,3.4 inch
3568,
3569,35.04 in
3570,3.0 in
3571,
3572,
3573,5.0 centimetre
3574,5.0 centimetre
3575,230.0 volt
3576,18.0 watt
3577,11.8 centimetre
3578,11.8 centimetre
3579,11.8 centimetre
3580,8.0 pound
3581,
3582,
3583,6.0 centimetre
3584,3.0 in
3585,3.0 in
3586,235.0 gram
3587,86.0 centimetre
3588,
3589,
3590,
3591,60.0 millimetre
3592,60.0 millimetre
3593,18.0 centimetre
3594,38.0 watt
3595,9.5 centimetre
3596,28.0 inch
3597,
3598,
3599,40.1 centimetre
3600,
3601,90.03 millimetre
3602,90.03 millimetre
3603,90.03 millimetre
3604,
3605,120.0 centimetre
3606,102.0 centimetre
3607,150.0 centimetre
3608,150.0 centimetre
3609,58.0 centimetre
3610,58.0 centimetre
3611,8.0 ounce
3612,
3613,
3614,
3615,425.0 millimetre
3616,425.0 millimetre
3617,276.0 pound
3618,
3619,118.28 millilitre
3620,
3621,
3622,
3623,
3624,1700.0 watt
3625,
3626,
3627,6.0 centimetre
3628,26.0 centimetre
3629,
3630,40.0 centimetre
3631,
3632,
3633,
3634,
3635,
3636,
3637,
3638,
3639,
3640,
3641,8.0 centimetre
3642,
3643,
3644,
3645,10.5 centimetre
3646,10.5 centimetre
3647,
3648,
3649,13.0 kilogram
3650,16.0 ounce
3651,31.0 kilogram
3652,
3653,
3654,
3655,
3656,5.0 kilogram
3657,603.0 millimetre
3658,603.0 millimetre
3659,603.0 millimetre
3660,5.0 volt
3661,
3662,
3663,30.0 centimetre
3664,30.0 centimetre
3665,22.0 centimetre
3666,21.5 millimetre
3667,10.8 centimetre
3668,1500.0 millilitre
3669,15.0 centimetre
3670,15.0 centimetre
3671,15.0 centimetre
3672,150.0 centimetre
3673,6.0 centimetre
3674,6.0 centimetre
3675,10.0 centimetre
3676,
3677,95.0 centimetre
3678,140.0 millimetre
3679,140.0 millimetre
3680,142.0 gram
3681,7.0 centimetre
3682,7.0 centimetre
3683,
3684,
3685,78.0 millimetre
3686,78.0 millimetre
3687,180.0 centimetre
3688,
3689,12.0 centimetre
3690,12.0 centimetre
3691,12.0 centimetre
3692,
3693,
3694,150.0 centimetre
3695,6.5 centimetre
3696,6.5 centimetre
3697,3.1 in
3698,3.1 in
3699,
3700,
3701,2.17 in
3702,2.17 in
3703,
3704,
3705,
3706,
3707,
3708,
3709,
3710,
3711,
3712,
3713,13.0 centimetre
3714,
3715,
3716,2.3 in
3717,2.3 in
3718,8.6 in
3719,8.6 in
3720,8.6 in
3721,72.0 centimetre
3722,127.0 volt
3723,
3724,
3725,5.0 in
3726,5.0 in
3727,
3728,25.0 millimetre
3729,25.0 millimetre
3730,
3731,
3732,211.0 gram
3733,450.0 pound
3734,12.8 in
3735,12.8 in
3736,
3737,
3738,
3739,405.0 millimetre
3740,
3741,285.0 pound
3742,
3743,
3744,16.0 millimetre
3745,16.0 millimetre
3746,
3747,
3748,130.0 millimetre
3749,130.0 millimetre
3750,30.0 centimetre
3751,350.0 gram
3752,80.0 centimetre
3753,19.0 millimetre
3754,19.0 millimetre
3755,55.0 centimetre
3756,55.0 centimetre
3757,60.0 centimetre
3758,
3759,5.89 in
3760,5.89 in
3761,35.0 centimetre
3762,6.8 centimetre
3763,9.0 millimetre
3764,9.0 millimetre
3765,
3766,
3767,250.0 watt
3768,
3769,27.0 centimetre
3770,
3771,2.0 inch
3772,8.06 in
3773,8.06 in
3774,1560.0 gram
3775,
3776,36.0 centimetre
3777,
3778,74.75 centimetre
3779,74.75 centimetre
3780,
3781,
3782,5.2 inch
3783,
3784,
3785,
3786,
3787,
3788,11.8 in
3789,11.8 in
3790,
3791,
3792,
3793,14.3 centimetre
3794,
3795,40.0 centimetre
3796,2.8 centimetre
3797,
3798,5.0 centimetre
3799,5.0 centimetre
3800,73.0 millimetre
3801,73.0 millimetre
3802,
3803,
3804,
3805,
3806,41.0 centimetre
3807,18.0 pound
3808,18.5 centimetre
3809,18.5 centimetre
3810,11.98 centimetre
3811,11.98 centimetre
3812,8.25 in
3813,43.0 centimetre
3814,43.0 centimetre
3815,43.0 centimetre
3816,1.5 centimetre
3817,1.5 centimetre
3818,5.9 inch
3819,
3820,
3821,120.0 watt
3822,
3823,
3824,
3825,0.0 centimetre
3826,0.0 centimetre
3827,
3828,
3829,
3830,150.0 kilogram
3831,31.0 centimetre
3832,31.0 centimetre
3833,50.75 in
3834,50.75 in
3835,
3836,5.1 in
3837,5.1 in
3838,
3839,
3840,23.0 centimetre
3841,23.0 centimetre
3842,
3843,
3844,
3845,69.2 kilogram
3846,1200.0 gram
3847,
3848,2.7 in
3849,
3850,85.0 centimetre
3851,85.0 centimetre
3852,10.4 in
3853,10.4 in
3854,
3855,
3856,
3857,
3858,2.5 in
3859,2.5 in
3860,
3861,160.0 millimetre
3862,160.0 millimetre
3863,
3864,60.0 centimetre
3865,60.0 centimetre
3866,60.0 centimetre
3867,
3868,
3869,0.39 in
3870,0.39 in
3871,
3872,
3873,
3874,34.0 gram
3875,34.0 gram
3876,950.0 gram
3877,0.0 metre
3878,
3879,60.0 in
3880,60.0 in
3881,
3882,
3883,
3884,
3885,14.75 centimetre
3886,
3887,7.0 millimetre
3888,4.3 in
3889,4.3 in
3890,
3891,
3892,15.0 centimetre
3893,8.0 in
3894,8.0 in
3895,100.0 millimetre
3896,100.0 millimetre
3897,8.17 in
3898,27.0 centimetre
3899,27.0 centimetre
3900,2.37 kilogram
3901,7.0 centimetre
3902,7.0 centimetre
3903,
3904,11.0 in
3905,11.0 in
3906,
3907,17.0 millimetre
3908,250.0 kilogram
3909,250.0 kilogram
3910,7.0 in
3911,68.0 centimetre
3912,68.0 centimetre
3913,
3914,
3915,265.0 pound
3916,
3917,32.0 centimetre
3918,32.0 centimetre
3919,230.0 volt
3920,29.0 kilowatt
3921,454.0 gram
3922,
3923,
3924,0.7 pound
3925,8.66 in
3926,
3927,
3928,13.0 centimetre
3929,13.0 centimetre
3930,9.8 centimetre
3931,
3932,
3933,
3934,
3935,
3936,50.0 centimetre
3937,
3938,
3939,21.0 centimetre
3940,21.0 centimetre
3941,
3942,
3943,
3944,
3945,65.0 millimetre
3946,9.0 centimetre
3947,9.0 centimetre
3948,
3949,4.3 in
3950,6.48 in
3951,6.48 in
3952,
3953,136.0 centimetre
3954,
3955,
3956,5.5 in
3957,5.5 in
3958,
3959,39.0 centimetre
3960,39.0 centimetre
3961,
3962,
3963,
3964,2400.0 watt
3965,60.0 centimetre
3966,
3967,
3968,330.0 pound
3969,
3970,5.0 centimetre
3971,
3972,
3973,
3974,
3975,
3976,
3977,43.4 centimetre
3978,43.4 centimetre
3979,
3980,
3981,25.0 centimetre
3982,7.0 centimetre
3983,7.0 centimetre
3984,5.0 inch
3985,5.0 inch
3986,1.8 in
3987,1.8 in
3988,
3989,
3990,
3991,
3992,
3993,108.0 centimetre
3994,108.0 centimetre
3995,9.4 in
3996,9.4 in
3997,
3998,
3999,
4000,2.28 inch
4001,2.28 inch
4002,13.3 centimetre
4003,4.0 centimetre
4004,
4005,
4006,25.0 inch
4007,25.0 inch
4008,13.8 centimetre
4009,2.268 kilogram
4010,76.0 centimetre
4011,76.0 centimetre
4012,130.0 millimetre
4013,130.0 millimetre
4014,6.0 gram
4015,
4016,
4017,115.0 millimetre
4018,115.0 millimetre
4019,
4020,8.5 inch
4021,8.5 inch
4022,6.2 in
4023,6.2 in
4024,6.2 in
4025,8.0 in
4026,8.0 in
4027,45.0 centimetre
4028,45.0 centimetre
4029,
4030,
4031,
4032,180.0 centimetre
4033,180.0 centimetre
4034,21.0 centimetre
4035,21.0 centimetre
4036,
4037,11.0 inch
4038,11.0 inch
4039,25.0 centimetre
4040,25.0 centimetre
4041,
4042,10.5 centimetre
4043,10.5 centimetre
4044,75.0 volt
4045,2.6 centimetre
4046,2.4 kilogram
4047,41.0 centimetre
4048,41.0 centimetre
4049,0.0 metre
4050,
4051,3.1 in
4052,3.1 in
4053,75.0 centimetre
4054,15.5 centimetre
4055,15.5 centimetre
4056,
4057,
4058,
4059,
4060,
4061,12.0 in
4062,2.0 millimetre
4063,5.0 volt
4064,30.0 centimetre
4065,30.0 centimetre
4066,
4067,
4068,
4069,
4070,
4071,5.0 volt
4072,72.0 millimetre
4073,72.0 millimetre
4074,
4075,825.0 watt
4076,180.0 kilogram
4077,13.7 centimetre
4078,
4079,
4080,287.0 pound
4081,
4082,
4083,0.0 millimetre
4084,110.0 volt
4085,3.75 in
4086,3.75 in
4087,201.0 centimetre
4088,201.0 centimetre
4089,
4090,
4091,
4092,9.8 in
4093,11.8 in
4094,11.8 in
4095,140.0 centimetre
4096,300.0 kilogram
4097,
4098,5.1 in
4099,5.1 in
4100,4.92 inch
4101,4.92 inch
4102,5.5 centimetre
4103,3.93 in
4104,3.93 in
4105,0.15 pound
4106,
4107,
4108,
4109,
4110,
4111,110.0 volt
4112,3.9 in
4113,3.9 in
4114,3.9 in
4115,
4116,
4117,
4118,5.0 volt
4119,
4120,
4121,
4122,10.0 centimetre
4123,3.54 in
4124,3.54 in
4125,15.94 in
4126,15.94 in
4127,
4128,170.0 centimetre
4129,
4130,24.0 volt
4131,
4132,40.0 centimetre
4133,1450.0 watt
4134,711.0 gram
4135,
4136,
4137,
4138,
4139,
4140,8.0 watt
4141,
4142,1.4 kilogram
4143,700.0 watt
4144,6.0 centimetre
4145,6.0 centimetre
4146,10.0 centimetre
4147,10.0 centimetre
4148,10.0 centimetre
4149,
4150,
4151,150.0 millimetre
4152,150.0 millimetre
4153,
4154,
4155,
4156,
4157,
4158,160.0 centimetre
4159,140.0 centimetre
4160,
4161,150.0 kilogram
4162,
4163,
4164,
4165,10.0 centimetre
4166,10.0 centimetre
4167,14.0 inch
4168,14.0 inch
4169,
4170,11.9 in
4171,11.9 in
4172,7.4 in
4173,7.4 in
4174,81.0 millimetre
4175,81.0 millimetre
4176,0.25 in
4177,5.0 centimetre
4178,1.37 in
4179,
4180,5.3 in
4181,176.0 millimetre
4182,
4183,
4184,35.0 millimetre
4185,
4186,
4187,
4188,5.89 in
4189,7.07 in
4190,7.07 in
4191,
4192,
4193,700.0 watt
4194,16.5 centimetre
4195,16.5 centimetre
4196,16.54 in
4197,134.0 millimetre
4198,
4199,
4200,
4201,220.0 volt
4202,
4203,
4204,1.0 inch
4205,9.0 millimetre
4206,22.0 centimetre
4207,
4208,
4209,2.0 in
4210,2.0 in
4211,65.0 millimetre
4212,65.0 millimetre
4213,65.0 millimetre
4214,
4215,4.0 in
4216,4.0 in
4217,96.0 millimetre
4218,39.0 centimetre
4219,39.0 centimetre
4220,39.0 centimetre
4221,
4222,140.0 centimetre
4223,165.0 centimetre
4224,165.0 centimetre
4225,
4226,12.0 volt
4227,7.8 inch
4228,7.8 inch
4229,
4230,
4231,507.0 pound
4232,
4233,8.0 centimetre
4234,8.0 centimetre
4235,7.1 in
4236,170.0 gram
4237,75.01 centimetre
4238,7.5 centimetre
4239,40.0 millimetre
4240,2.67 in
4241,175.0 centimetre
4242,
4243,
4244,
4245,
4246,
4247,
4248,
4249,11.0 inch
4250,11.0 inch
4251,11.0 inch
4252,25.0 centimetre
4253,8.9 in
4254,8.9 in
4255,8.9 in
4256,
4257,
4258,
4259,285.0 centimetre
4260,285.0 centimetre
4261,285.0 centimetre
4262,6.8 centimetre
4263,6.8 centimetre
4264,6.8 centimetre
4265,7.28 in
4266,7.28 in
4267,7.28 in
4268,40.0 centimetre
4269,
4270,
4271,
4272,
4273,
4274,53.5 centimetre
4275,0.4 in
4276,0.4 in
4277,
4278,
4279,
4280,15.75 inch
4281,15.75 inch
4282,15.75 inch
4283,
4284,25.0 centimetre
4285,
4286,25.3 centimetre
4287,25.3 centimetre
4288,21.0 centimetre
4289,
4290,5.5 pound
4291,5.0 in
4292,5.0 in
4293,
4294,
4295,
4296,
4297,
4298,4.7 in
4299,
4300,
4301,90.0 centimetre
4302,90.0 centimetre
4303,
4304,19.0 centimetre
4305,
4306,
4307,
4308,5.0 centimetre
4309,3.625 in
4310,
4311,35.0 centimetre
4312,35.0 centimetre
4313,
4314,2.95 in
4315,2.95 in
4316,
4317,
4318,
4319,2.75 inch
4320,2.75 inch
4321,250.0 gram
4322,
4323,
4324,
4325,
4326,
4327,3.0 metre
4328,3.0 metre
4329,
4330,2.8 centimetre
4331,2.8 centimetre
4332,
4333,
4334,20.0 pound
4335,
4336,
4337,
4338,
4339,
4340,
4341,100.0 centimetre
4342,100.0 centimetre
4343,
4344,1350.0 watt
4345,
4346,3.9 in
4347,8.0 centimetre
4348,8.0 centimetre
4349,
4350,
4351,11.8 in
4352,11.8 in
4353,11.8 in
4354,55.0 centimetre
4355,55.0 centimetre
4356,
4357,
4358,
4359,
4360,
4361,2.75 inch
4362,2.75 inch
4363,2.0 volt
4364,4.5 centimetre
4365,4.5 centimetre
4366,
4367,
4368,1.0 gram
4369,
4370,
4371,7.0 inch
4372,7.0 inch
4373,7.0 inch
4374,
4375,20.0 volt
4376,95.0 millimetre
4377,24.0 inch
4378,24.0 inch
4379,
4380,1.7 in
4381,1.7 in
4382,
4383,
4384,
4385,1.0 kilogram
4386,
4387,
4388,55.0 centimetre
4389,13.0 centimetre
4390,11.8 in
4391,11.8 in
4392,60.0 centimetre
4393,60.0 centimetre
4394,16.0 centimetre
4395,
4396,
4397,3.0 in
4398,160.0 centimetre
4399,8.0 millimetre
4400,8.0 millimetre
4401,2.87 in
4402,2.87 in
4403,5.0 centimetre
4404,12.3 kilogram
4405,3.5 centimetre
4406,3.5 centimetre
4407,19.0 centimetre
4408,
4409,
4410,
4411,6.1 in
4412,4.5 in
4413,5.78 in
4414,5.78 in
4415,103.0 millimetre
4416,
4417,
4418,
4419,
4420,140.0 centimetre
4421,
4422,95.0 millimetre
4423,95.0 millimetre
4424,
4425,
4426,60.0 centimetre
4427,300.0 centimetre
4428,20.0 volt
4429,59.0 pound
4430,8.5 centimetre
4431,
4432,
4433,6.2 centimetre
4434,137.0 centimetre
4435,
4436,
4437,
4438,
4439,
4440,
4441,
4442,3.0 centimetre
4443,3.0 centimetre
4444,
4445,
4446,
4447,24.0 volt
4448,57.0 centimetre
4449,
4450,
4451,
4452,16.0 millimetre
4453,16.0 millimetre
4454,108.0 inch
4455,21.8 centimetre
4456,21.8 centimetre
4457,
4458,
4459,14.4 volt
4460,
4461,
4462,16.0 in
4463,16.0 in
4464,16.0 in
4465,
4466,
4467,794.0 gram
4468,8.0 millimetre
4469,395.0 millimetre
4470,395.0 millimetre
4471,3.1 in
4472,3.1 in
4473,4.7 in
4474,4.7 in
4475,
4476,
4477,
4478,
4479,
4480,220.0 pound
4481,21.5 centimetre
4482,21.5 centimetre
4483,
4484,
4485,
4486,
4487,6.1 in
4488,2.91 in
4489,2.91 in
4490,
4491,
4492,27.5 centimetre
4493,113.0 centimetre
4494,113.0 centimetre
4495,
4496,
4497,40.0 centimetre
4498,40.0 centimetre
4499,8.5 in
4500,8.5 in
4501,
4502,
4503,
4504,230.0 volt
4505,
4506,
4507,
4508,9.0 centimetre
4509,9.0 centimetre
4510,
4511,
4512,
4513,
4514,
4515,97.0 centimetre
4516,97.0 centimetre
4517,97.0 centimetre
4518,9.0 centimetre
4519,9.0 centimetre
4520,320.0 millimetre
4521,320.0 millimetre
4522,96.0 in
4523,96.0 in
4524,
4525,
4526,5.5 centimetre
4527,250.0 centimetre
4528,0.0 gram
4529,6.1 in
4530,6.1 in
4531,200.0 kilogram
4532,
4533,4.0 centimetre
4534,
4535,
4536,
4537,150.0 gram
4538,12.6 in
4539,12.6 in
4540,
4541,
4542,7.86 in
4543,120.0 centimetre
4544,22.0 centimetre
4545,22.0 centimetre
4546,
4547,
4548,5.1 in
4549,5.1 in
4550,5.1 in
4551,
4552,
4553,
4554,
4555,
4556,
4557,
4558,146.0 centimetre
4559,110.0 centimetre
4560,110.0 centimetre
4561,70.0 millimetre
4562,
4563,
4564,5.0 kilogram
4565,13.0 centimetre
4566,
4567,
4568,200.0 centimetre
4569,700.0 gram
4570,75.0 millimetre
4571,75.0 millimetre
4572,
4573,16.0 centimetre
4574,36.2 in
4575,36.2 in
4576,12.0 centimetre
4577,12.0 centimetre
4578,5.3 in
4579,5.3 in
4580,5.3 in
4581,
4582,64.0 centimetre
4583,
4584,3.0 centimetre
4585,3.0 centimetre
4586,5.9 in
4587,22.7 millimetre
4588,22.7 millimetre
4589,6.7 kilogram
4590,36.5 millimetre
4591,36.5 millimetre
4592,36.5 millimetre
4593,61.0 centimetre
4594,
4595,
4596,
4597,
4598,
4599,
4600,
4601,35.4 inch
4602,35.4 inch
4603,
4604,
4605,2.75 inch
4606,1.9 in
4607,
4608,3.0 pound
4609,
4610,
4611,
4612,9.8 in
4613,
4614,60.0 centimetre
4615,
4616,24.0 inch
4617,16.0 centimetre
4618,
4619,
4620,
4621,
4622,
4623,73.0 millimetre
4624,73.0 millimetre
4625,
4626,
4627,
4628,
4629,
4630,7.86 in
4631,7.86 in
4632,
4633,4.3 in
4634,4.3 in
4635,350.0 millimetre
4636,350.0 millimetre
4637,350.0 millimetre
4638,350.0 millimetre
4639,300.0 centimetre
4640,8.0 centimetre
4641,
4642,4.0 centimetre
4643,
4644,
4645,
4646,
4647,332.0 millimetre
4648,332.0 millimetre
4649,
4650,24.0 gram
4651,2.82 ounce
4652,
4653,
4654,120.0 watt
4655,122.0 centimetre
4656,122.0 centimetre
4657,122.0 centimetre
4658,
4659,18.0 inch
4660,18.0 inch
4661,
4662,163.0 centimetre
4663,163.0 centimetre
4664,20.0 centimetre
4665,10.0 milligram
4666,330.0 millilitre
4667,77.0 in
4668,16.0 centimetre
4669,15.0 in
4670,4.0 ounce
4671,120.0 centimetre
4672,120.0 centimetre
4673,
4674,
4675,
4676,
4677,
4678,27.6 in
4679,10.5 centimetre
4680,10.5 centimetre
4681,3.0 in
4682,430.0 millilitre
4683,59.0 centimetre
4684,880.0 gram
4685,13.8 in
4686,13.8 in
4687,
4688,
4689,3.0 inch
4690,200.0 gram
4691,4.5 centimetre
4692,17.0 in
4693,
4694,
4695,6.0 centimetre
4696,6.0 centimetre
4697,
4698,
4699,2.3 centimetre
4700,2.3 centimetre
4701,
4702,18.0 centimetre
4703,18.0 centimetre
4704,330.0 pound
4705,
4706,14.0 centimetre
4707,14.0 centimetre
4708,8.8 centimetre
4709,60.0 centimetre
4710,15.0 pound
4711,
4712,
4713,
4714,
4715,4.7 in
4716,4.7 in
4717,3.0 centimetre
4718,3.0 centimetre
4719,1.0 pound
4720,28.0 millimetre
4721,28.0 millimetre
4722,28.0 centimetre
4723,28.0 centimetre
4724,144.0 gram
4725,6.88 in
4726,6.88 in
4727,30.0 centimetre
4728,30.0 centimetre
4729,5.0 centimetre
4730,5.0 centimetre
4731,1.0 kilogram
4732,1.0 kilogram
4733,2.36 in
4734,
4735,
4736,180.0 kilogram
4737,7.0 in
4738,7.0 in
4739,
4740,333.0 centimetre
4741,
4742,
4743,
4744,
4745,
4746,
4747,
4748,
4749,
4750,22.0 centimetre
4751,
4752,16.3 kilogram
4753,
4754,
4755,3.5 centimetre
4756,3.5 centimetre
4757,
4758,
4759,
4760,
4761,
4762,7.8 in
4763,36.0 centimetre
4764,
4765,
4766,165.0 millimetre
4767,165.0 millimetre
4768,
4769,24.0 inch
4770,84.0 centimetre
4771,
4772,380.0 millimetre
4773,
4774,
4775,
4776,880.0 pound
4777,
4778,
4779,
4780,600.0 watt
4781,220.0 volt
4782,
4783,
4784,
4785,
4786,
4787,
4788,
4789,45.0 millimetre
4790,45.0 millimetre
4791,45.0 millimetre
4792,10.0 centimetre
4793,
4794,19.7 in
4795,50.0 gram
4796,175.0 kilogram
4797,
4798,
4799,
4800,30.0 centimetre
4801,30.0 centimetre
4802,58.0 millimetre
4803,58.0 millimetre
4804,
4805,8.8 centimetre
4806,3.0 centimetre
4807,9.0 centimetre
4808,3.8 centimetre
4809,3.8 centimetre
4810,
4811,2.5 centimetre
4812,2.5 centimetre
4813,2.5 centimetre
4814,3.1 in
4815,3.1 in
4816,1.76 ounce
4817,1.37 inch
4818,1.37 inch
4819,51.0 centimetre
4820,51.0 centimetre
4821,7.08 in
4822,7.08 in
4823,7.08 in
4824,176.0 ounce
4825,29.0 millimetre
4826,29.0 millimetre
4827,
4828,
4829,
4830,
4831,330.0 pound
4832,30.0 centimetre
4833,30.0 centimetre
4834,60.0 centimetre
4835,
4836,5.0 volt
4837,10.0 centimetre
4838,10.0 centimetre
4839,84.5 centimetre
4840,59.5 centimetre
4841,
4842,13.0 centimetre
4843,13.0 centimetre
4844,28.0 gram
4845,92.0 millimetre
4846,92.0 millimetre
4847,
4848,
4849,1500.0 watt
4850,
4851,
4852,4.72 in
4853,4.72 in
4854,182.0 kilogram
4855,
4856,23.0 centimetre
4857,23.0 centimetre
4858,
4859,27.5 gram
4860,114.0 centimetre
4861,114.0 centimetre
4862,9.0 watt
4863,
4864,48.0 centimetre
4865,
4866,
4867,1200.0 watt
4868,
4869,
4870,
4871,40.0 centimetre
4872,
4873,
4874,4.53 inch
4875,200.0 centimetre
4876,4.0 centimetre
4877,4.0 centimetre
4878,
4879,
4880,12.0 watt
4881,454.0 gram
4882,
4883,
4884,250.0 pound
4885,
4886,
4887,
4888,
4889,182.0 centimetre
4890,182.0 centimetre
4891,182.0 centimetre
4892,5.0 in
4893,5.0 volt
4894,15.0 watt
4895,
4896,14.0 centimetre
4897,14.0 centimetre
4898,0.0 gram
4899,8.8 centimetre
4900,1.89 in
4901,1.89 in
4902,1.89 in
4903,8.0 centimetre
4904,8.0 centimetre
4905,10.3 centimetre
4906,440.0 pound
4907,
4908,1.2 inch
4909,1.2 inch
4910,1.2 inch
4911,3.7 volt
4912,10.0 centimetre
4913,10.0 centimetre
4914,240.0 millimetre
4915,75.0 millimetre
4916,75.0 millimetre
4917,21.0 volt
4918,1.75 pt
4919,
4920,
4921,24.0 volt
4922,
4923,
4924,
4925,440.0 pound
4926,
4927,
4928,500.0 gram
4929,20.0 gram
4930,
4931,
4932,
4933,
4934,
4935,
4936,
4937,8.0 ounce
4938,
4939,
4940,138.0 in
4941,138.0 in
4942,
4943,
4944,
4945,6.8 in
4946,
4947,
4948,7.2 centimetre
4949,7.2 centimetre
4950,4.0 centimetre
4951,4.0 centimetre
4952,4.0 centimetre
4953,
4954,
4955,42.0 centimetre
4956,8.3 centimetre
4957,8.3 centimetre
4958,67.0 millimetre
4959,535.0 millimetre
4960,535.0 millimetre
4961,
4962,
4963,24.9 gram
4964,
4965,25.0 gram
4966,120.0 gram
4967,4.0 centimetre
4968,4.0 centimetre
4969,
4970,29.5 centimetre
4971,29.5 centimetre
4972,
4973,120.0 centimetre
4974,120.0 centimetre
4975,
4976,
4977,
4978,35.0 centimetre
4979,10.4 centimetre
4980,10.4 centimetre
4981,
4982,
4983,
4984,
4985,
4986,150.0 kilogram
4987,
4988,
4989,
4990,
4991,
4992,
4993,
4994,
4995,150.0 centimetre
4996,54.0 centimetre
4997,54.0 centimetre
4998,300.0 centimetre
4999,300.0 centimetre
